Post ID,Platform,Content,Hashtags,Status
001,twitter,"In 1904, pit ponies in Welsh coal mines got confused...

The Welsh Revival saw 100,000 conversions in months. Miners stopped swearing completely.

The horses didn't recognize commands without curse words. üê¥

What would revival look like in YOUR workplace?

#Revival #Faith","#Revival #WelshRevival #ChurchHistory #SpiritualAwakening #Faith",ready
001,instagram,"In 1904, pit ponies in Welsh coal mines got confused... üê¥

The Welsh Revival saw 100,000 conversions in months. Miners started praying instead of cursing. They stopped swearing completely.

The result? The horses didn't recognize commands without curse words!

True revival doesn't just change hearts‚Äîit transforms workplaces, communities, and even confuses the animals. üòÑ

What would revival look like in YOUR workplace? Drop a üî• if you're believing for it.

#Revival #WelshRevival #ChurchHistory #SpiritualAwakening #Faith #Christianity #Prayer #Transformation #RevivalHistory #EvanRoberts","#Revival #WelshRevival #ChurchHistory #SpiritualAwakening #Faith",ready
001,facebook,"Did you know that during the Welsh Revival of 1904, pit ponies in coal mines got confused?

The revival saw 100,000 conversions in just months. Miners who had spent their lives underground started praying instead of cursing. They stopped swearing completely.

The result? The horses didn't recognize their commands without the curse words!

This is what real revival looks like‚Äîtransformation so complete that it changes how people work, speak, and live.

What would revival look like in your workplace? In your community? Share your thoughts below. üëá","#Revival #WelshRevival #ChurchHistory #SpiritualAwakening #Faith",ready
001,linkedin,"What happens when spiritual transformation hits the workplace?

In 1904, the Welsh Revival saw 100,000 people come to faith in months. Among them were coal miners who had worked underground their entire lives.

The transformation was so complete that miners stopped swearing entirely.

The unexpected result? Pit ponies‚Äîtrained to respond to commands laced with profanity‚Äîno longer recognized the instructions.

It's a small detail, but it reveals something profound: genuine transformation doesn't stay in the sanctuary. It shows up Monday through Friday.

What does transformation look like in your professional context?

#Leadership #Transformation #Faith #Purpose","#Revival #WelshRevival #ChurchHistory #SpiritualAwakening #Faith",ready
002,twitter,"A prayer meeting lasted 100 YEARS... üî•

In 1727, the Moravians started 24/7 prayer. Hourly slots. Someone ALWAYS praying.

Result: More missionaries in 20 years than all Protestants sent in 200.

What could sustained prayer do in YOUR generation?

#Prayer #Revival","#Prayer #Moravians #Revival #247Prayer #Faith",ready
002,instagram,"A prayer meeting lasted 100 YEARS... üî•

In 1727, a small community called the Moravians started something unprecedented:

‚Ä¢ 24/7 prayer watch
‚Ä¢ Hourly sign-up slots
‚Ä¢ Someone ALWAYS praying
‚Ä¢ For over 100 years

The result?

They sent more missionaries in 20 years than all of Protestant Christianity had sent in the previous 200 years.

Prayer preceded the greatest missionary movement in history.

What could sustained prayer do in YOUR generation? üôè

Drop a üî• if you're ready to pray like never before.

#Prayer #Moravians #Revival #247Prayer #Faith #Missions #ChurchHistory #SpiritualAwakening","#Prayer #Moravians #Revival #247Prayer #Faith",ready
002,facebook,"Did you know a prayer meeting once lasted over 100 years?

In 1727, a small Christian community called the Moravians began a 24/7 prayer watch. They signed up for hourly slots‚Äîsomeone was ALWAYS praying.

This wasn't a weekend event. It continued for over 100 years.

The result?

They sent more missionaries in just 20 years than all of Protestant Christianity had sent in the previous 200 years. Their ratio was 1 missionary for every 60 members (compared to typical churches: 1 in 5,000).

Prayer preceded the greatest missionary movement in Christian history.

What might God do if we took prayer that seriously? What could sustained, committed prayer accomplish in our generation?

I'd love to hear your thoughts.","#Prayer #Moravians #Revival #247Prayer #Faith",ready
002,linkedin,"The longest continuous initiative in organizational history wasn't a business venture‚Äîit was a prayer meeting.

In 1727, a community called the Moravians began a 24/7 prayer rotation. Members signed up for hourly slots. The commitment? Someone would always be praying.

It lasted over 100 years.

The organizational results were remarkable: they sent more missionaries in 20 years than all Protestant churches combined had sent in 200 years.

Their 'member engagement ratio' was 1 in 60 (compared to typical organizations: 1 in 5,000 for similar commitments).

What sustained this? Shared vision. Clear commitment. Distributed responsibility. And something they believed was worth showing up for.

What commitments in your organization have that kind of staying power?

#Leadership #Commitment #Purpose #Vision","#Prayer #Moravians #Revival #247Prayer #Faith",ready
003,twitter,"14 words changed a nation...

""I love Jesus Christ with all my heart‚Äîhe died for me.""

Florrie Evans. February 14, 1904. A small Welsh chapel.

That simple testimony sparked a revival. 100,000 conversions followed.

Your story doesn't have to be complicated. Just real.

#Revival","#Testimony #WelshRevival #Revival #Faith #ShareYourStory",ready
003,instagram,"14 words changed a nation... üíîüî•

On February 14, 1904, a young woman named Florrie Evans stood up in a small Welsh chapel.

She wasn't a preacher. She wasn't famous. She was just someone who loved Jesus.

She said 14 words:

""I love Jesus Christ with all my heart‚Äîhe died for me.""

That simple testimony sparked the Welsh Revival.

100,000 conversions followed in less than a year.

Your testimony doesn't have to be:
‚ùå Dramatic
‚ùå Complicated
‚ùå Perfectly worded

It just has to be:
‚úÖ Real
‚úÖ Honest
‚úÖ Yours

What's YOUR story? Share in the comments üëá

#Testimony #WelshRevival #Revival #Faith #ShareYourStory #Christianity #Jesus #SpiritualAwakening","#Testimony #WelshRevival #Revival #Faith #ShareYourStory",ready
003,facebook,"14 words changed a nation.

On February 14, 1904, in a small Welsh chapel, a young woman named Florrie Evans stood up to speak.

She wasn't a preacher or a leader. She was just a young woman who loved Jesus.

Her words were simple:

""I love Jesus Christ with all my heart‚Äîhe died for me.""

That's it. 14 words.

Something broke open in that room. The Holy Spirit fell. People began weeping, confessing, singing.

What started with one simple testimony became the Welsh Revival‚Äî100,000 conversions in less than a year.

It's a powerful reminder: your testimony doesn't have to be dramatic or complicated. It doesn't require a platform or perfect words.

It just has to be real.

What's YOUR story? I'd love to hear it in the comments.","#Testimony #WelshRevival #Revival #Faith #ShareYourStory",ready
003,linkedin,"The most powerful communication is often the simplest.

On February 14, 1904, a young woman named Florrie Evans stood up in a small gathering in Wales.

She said 14 words: ""I love Jesus Christ with all my heart‚Äîhe died for me.""

No polished presentation. No carefully crafted messaging. Just authentic personal conviction.

That moment sparked what became known as the Welsh Revival‚Äî100,000 people transformed in less than a year.

In a world obsessed with optimization and viral formulas, there's something powerful about simple authenticity.

What's the simplest, truest thing you could say about what matters most to you?

#Authenticity #Communication #Leadership #Purpose","#Testimony #WelshRevival #Revival #Faith #ShareYourStory",ready
004,twitter,"England's cricket CAPTAIN gave it all up... üèè

C.T. Studd was a national celebrity. Fame. Wealth. Comfort.

He went to China as a missionary instead.

""If Jesus Christ be God and died for me, no sacrifice can be too great.""

What would YOU give up?

#Missions #Faith","#CTStudd #CambridgeSeven #Missions #Sacrifice #Faith",ready
004,instagram,"England's cricket CAPTAIN gave it all up... üèè‚úùÔ∏è

C.T. Studd was one of the most famous athletes in Victorian England‚Äîcaptain of the Cambridge cricket team, national celebrity.

He had everything:
‚Ä¢ Fame
‚Ä¢ Wealth  
‚Ä¢ A brilliant future
‚Ä¢ Comfort

But in 1885, he heard God's call to missions.

He gave away his entire inheritance and sailed to China.

His words still challenge us today:

""If Jesus Christ be God and died for me, then no sacrifice can be too great for me to make for Him.""

Studd was one of the ""Cambridge Seven""‚Äîelite students who shocked England by becoming missionaries.

Their farewell tour sparked revival across Britain. 3,000 attended their final London meeting.

What would YOU give up for what matters most?

#CTStudd #CambridgeSeven #Missions #Sacrifice #Faith #Christianity #Jesus #ChurchHistory","#CTStudd #CambridgeSeven #Missions #Sacrifice #Faith",ready
004,facebook,"What would you give up for what matters most?

In 1885, C.T. Studd was one of the most famous athletes in England‚Äîcaptain of the Cambridge cricket team, national celebrity, wealthy heir.

He had everything the world offers: fame, fortune, a brilliant future.

But when he heard God's call to missions, he gave it all away.

He donated his entire inheritance and sailed to China as a missionary.

His reasoning was simple:

""If Jesus Christ be God and died for me, then no sacrifice can be too great for me to make for Him.""

Studd was part of the famous ""Cambridge Seven""‚Äîseven elite students whose decision to become missionaries shocked Victorian England. Their farewell tour sparked revival across Britain.

Nearly 140 years later, his challenge remains:

What would you give up for what matters most?","#CTStudd #CambridgeSeven #Missions #Sacrifice #Faith",ready
004,linkedin,"In 1885, one of England's most prominent young athletes made a career decision that shocked the nation.

C.T. Studd was captain of the Cambridge cricket team‚Äîthe equivalent of being a star quarterback at a top university today. He was wealthy, famous, and had a brilliant future ahead.

He walked away from all of it to become a missionary in China.

His reasoning: ""If Jesus Christ be God and died for me, then no sacrifice can be too great for me to make for Him.""

Studd was part of the ""Cambridge Seven""‚Äîelite students whose decision inspired a generation. Their farewell tour sparked what historians call a revival movement. The missionary organization they joined grew from 163 to 800 workers within 15 years.

It raises a question worth considering:

What would you walk away from for something you believed was worth more?

#Purpose #Leadership #Sacrifice #Calling","#CTStudd #CambridgeSeven #Missions #Sacrifice #Faith",ready
005,twitter,"""The sound was like the falling of many waters, an ocean of prayer beating against God's throne.""

January 7, 1907. Pyongyang, Korea.

1,500 people. Simultaneous prayer. The Holy Spirit fell.

30,000 became Christians within months.

#Prayer #Revival #KoreanRevival","#Prayer #KoreanRevival #Pyongyang #Revival #Faith",ready
005,instagram,"""The sound was like the falling of many waters, an ocean of prayer beating against God's throne."" üåäüôè

January 7, 1907. Pyongyang, Korea.

1,500 people had gathered for a prayer service. When the Holy Spirit fell, something unexpected happened:

Everyone began praying out loud. Simultaneously. Together.

Not chaos‚Äîan ocean of prayer.

One eyewitness described it:

""The sound was like the falling of many waters, an ocean of prayer beating against God's throne.""

What followed:
‚Ä¢ 2,000 converted within two months
‚Ä¢ 30,000 Christians by mid-1907
‚Ä¢ Pyongyang became ""the Jerusalem of the East""
‚Ä¢ By the 1930s, 1 in 5 people there was a Christian

This is why Korean churches still practice dawn prayer and simultaneous audible prayer today.

What could united prayer do in YOUR city?

#Prayer #KoreanRevival #Pyongyang #Revival #Faith #Christianity #ChurchHistory","#Prayer #KoreanRevival #Pyongyang #Revival #Faith",ready
005,facebook,"""The sound was like the falling of many waters, an ocean of prayer beating against God's throne.""

On January 7, 1907, 1,500 people gathered for a prayer service in Pyongyang, Korea.

When the Holy Spirit moved, something unexpected happened. Instead of orderly, one-at-a-time prayer, everyone began praying out loud simultaneously.

It wasn't chaos‚Äîit was an ocean of prayer.

The results were extraordinary:
‚Ä¢ 2,000 converted within two months
‚Ä¢ 30,000 Christians by mid-1907
‚Ä¢ Pyongyang became known as ""the Jerusalem of the East""
‚Ä¢ By the 1930s, 1 in 5 people in Pyongyang was a Christian

This is why Korean churches to this day practice dawn prayer meetings and simultaneous audible prayer. It all traces back to that night.

What could united, passionate prayer do in your city? In your church? In your life?","#Prayer #KoreanRevival #Pyongyang #Revival #Faith",ready
005,linkedin,"What happens when 1,500 people pray simultaneously?

On January 7, 1907, in Pyongyang, Korea, something remarkable occurred during a prayer gathering.

Rather than orderly, sequential prayer, the entire room began praying aloud at once.

An eyewitness described it: ""The sound was like the falling of many waters, an ocean of prayer beating against God's throne.""

The organizational results were measurable:
‚Ä¢ 2,000 new participants within two months
‚Ä¢ 30,000 within six months
‚Ä¢ The city earned the nickname ""Jerusalem of the East""
‚Ä¢ By the 1930s, 20% of the city's population was involved

Today, Korean churches worldwide still practice ""dawn prayer"" and simultaneous audible prayer‚Äîtraditions traced directly to that night.

It raises an interesting question about collective action: what happens when a group moves from sequential contribution to simultaneous engagement?

#Leadership #CollectiveAction #Community #Prayer","#Prayer #KoreanRevival #Pyongyang #Revival #Faith",ready
